{
	"credit": "Made with Blockbench",
	"elements": [
		{
			"name": "middle",
			"from": [6.75, 1.5, 6],
			"to": [9.25, 5.5, 11],
			"rotation": {"angle": 0, "axis": "y", "origin": [0, 0, 16]},
			"faces": {
				"north": {"uv": [11, 1, 8, 5], "texture": "#mat"},
				"east": {"uv": [9, 1, 4, 5], "texture": "#mat"},
				"south": {"uv": [4, 1, 1, 5], "texture": "#mat"},
				"west": {"uv": [14, 1, 10, 5], "texture": "#mat"},
				"up": {"uv": [1, 10, 4, 5], "texture": "#mat"},
				"down": {"uv": [1, 10, 4, 5], "texture": "#mat"}
			}
		},
		{
			"name": "n_face",
			"from": [7.5, 0, 10],
			"to": [8.5, 10, 13.5],
			"rotation": {"angle": 0, "axis": "y", "origin": [0, 0, 16]},
			"faces": {
				"north": {"uv": [7, 2, 6, 12], "texture": "#mat"},
				"east": {"uv": [6, 2, 3, 12], "texture": "#mat"},
				"south": {"uv": [3, 2, 2, 12], "texture": "#mat"},
				"west": {"uv": [10, 2, 7, 12], "texture": "#mat"},
				"up": {"uv": [3, 2, 6, 1], "texture": "#mat"},
				"down": {"uv": [3, 13, 6, 12], "texture": "#mat"}
			}
		},
		{
			"name": "shaft",
			"from": [7, 0, 7],
			"to": [9, 24, 9],
			"faces": {
				"north": {"uv": [0, 0, 2, 16], "texture": "#hside"},
				"east": {"uv": [2, 0, 4, 16], "texture": "#hside"},
				"south": {"uv": [4, 0, 6, 16], "texture": "#hside"},
				"west": {"uv": [6, 0, 8, 16], "texture": "#hside"},
				"up": {"uv": [9, 9, 7, 7], "texture": "#htop"},
				"down": {"uv": [9, 7, 7, 9], "texture": "#htop"}
			}
		}
	],
	"display": {
		"thirdperson_righthand": {
			"rotation": [0, -180, -180],
			"translation": [0, 8.5, 0]
		},
		"thirdperson_lefthand": {
			"rotation": [0, -180, -180],
			"translation": [0, 8.5, 0]
		},
		"firstperson_righthand": {
			"rotation": [-180, 0, 0],
			"translation": [0, 8.5, 0]
		},
		"firstperson_lefthand": {
			"rotation": [0, -180, -180],
			"translation": [0, 8.5, 0]
		},
		"ground": {
			"rotation": [90, -90, 0]
		},
		"gui": {
			"rotation": [124, -52, -76],
			"translation": [-0.75, 1, 0]
		},
		"head": {
			"rotation": [-112, -180, 7],
			"translation": [0, 9.75, -8.75]
		},
		"fixed": {
			"rotation": [-180, 90, 0]
		}
	},
	"groups": [
		{
			"name": "head",
			"origin": [8, 8, 8],
			"color": 0,
			"children": [0, 1]
		},
		{
			"name": "handle",
			"origin": [8, 8, 8],
			"color": 0,
			"children": [2]
		}
	]
}