{
	"credit": "Made with Blockbench",
	"elements": [
		{
			"from": [5.5, 4, 5.5],
			"to": [10.5, 9, 10.5],
			"faces": {
				"north": {"uv": [1, 1, 6, 6], "texture": "#mat"},
				"east": {"uv": [6, 1, 11, 6], "texture": "#mat"},
				"south": {"uv": [1, 10, 6, 15], "texture": "#mat"},
				"west": {"uv": [6, 10, 11, 15], "texture": "#mat"},
				"up": {"uv": [10, 5, 15, 10], "texture": "#mat"}
			}
		}
	],
	"display": {
		"thirdperson_righthand": {
			"rotation": [-90, 0, 0],
			"translation": [0, -2, 0]
		},
		"gui": {
			"rotation": [34, -41, 7],
			"translation": [0, 2, 0],
			"scale": [1.5, 1.5, 1.5]
		}
	}
}